document_id,revision,document_date,amount,currency,status
DEMO-001,00,2026-10-01,120.50,USD,review
DEMO-002,01,2026-10-02,85.00,EUR,approved
DEMO-003,00,2026-10-03,99.00,USD,draft
DEMO-003,00,2026-10-03,101.00,USD,draft
DEMO-004,00,2026-02-30,44.00,EUR,review
DEMO-005,01,2026-10-05,-5.00,USD,review
DEMO-006,00,2026-10-06,"1,250.00",USD,review
DEMO-007,00,2026-10-06,75.00,GBP,review
DEMO-008,,2026-10-06,75.00,USD,review
DEMO-009,00,2026-10-06,75.00,USD,approved
DEMO-010,00,2026-10-06,75.00,USD,closed
=1+1,00,2026-10-06,75.00,USD,review
